review_id,book_id,user_id,review
1,B-1020,USR_2024PE1024,"The definitive ""Bible"" for modern AI. It’s math-heavy and covers everything from linear algebra to GANs and CNNs. If you want to understand the actual mechanics of how neural networks learn, this is the one. Essential for research-level understanding."
2,B-1021,USR_2024PE1026,"The classic foundation. It’s older but perfect for learning the core logic of ML, like Decision Trees and Bayesian theory. It teaches you how to think about learning as a formal problem before you dive into deep networks. Every CS student needs this on their shelf."
3,B-1000,USR_2025PE1013,"The absolute ""CLRS"" bible. It’s dense and math-heavy, but it covers everything from basic sorting to complex graph theory and dynamic programming. If you’re prepping for top-tier technical interviews or competitive programming, this is your primary manual."
4,B-1001,USR_2024PE1048,"The gold standard for understanding how the internet actually functions. It breaks down the 5-layer model with incredible clarity, covering everything from physical hardware to application protocols like HTTP. It’s technical but surprisingly readable and full of real-world context."
5,B-1002,USR_2023PE1002,"Commonly known as the ""Dinosaur book."" It is the best resource for mastering process management, memory allocation, and file systems. Essential for understanding how software talks to hardware—a must-read for any serious backend developer or systems engineer."
6,B-1003,USR_2023PE1023,"The go-to text for grasping the ""why"" behind databases. It goes way beyond simple SQL queries to explain indexing, transaction management, and relational algebra. Perfect for learning how to design scalable, efficient data systems that don't crash under pressure."
7,B-1004,USR_2024PE1048,"The ""K&R"" book is the ultimate masterclass in brevity. It’s the definitive guide to C, teaching you to write efficient, low-level code without wasting a single word. If you want to understand how memory and pointers actually work, start here."
8,B-1005,USR_2024PE1045,"Known as the ""Dragon Book,"" this is the undisputed authority on building languages. It covers everything from lexical analysis to code optimization. It’s a tough climb, but it’s how you learn what truly happens when your code is translated into machine instructions."
9,B-1006,USR_2026PE1001,"The most comprehensive AI encyclopedia in existence. It moves from classical search algorithms and logic to modern probabilistic reasoning and robotics. Whether you are interested in game theory or neural nets, this is the foundational starting point."
10,B-1007,USR_2024PE1047,"The backbone of computer science logic. It covers the essential math—sets, graphs, and combinatorics—that you’ll use every day in algorithm design. If you struggle with proofs or logic, this book makes the abstract feel concrete."
11,B-1008,USR_2024PE1028,"The ""Hennessy & Patterson"" text is for those who want to understand the hardware-software interface. It explains instruction sets, pipelining, and memory hierarchy using a data-driven approach. Essential for anyone wanting to build high-performance systems."
12,B-1009,USR_2025PE1009,"A beautiful, clear look at what machines can and cannot do. It covers automata, formal languages, and complexity theory (P vs NP). Sipser makes very difficult theoretical concepts feel surprisingly intuitive and elegant."
13,B-1010,USR_2026PE1003,"A ""must-read"" for the transition from student to professional developer. It’s a practical handbook on writing readable, maintainable software. ""Uncle Bob"" teaches you how to name variables, structure functions, and leave code better than you found it."
14,B-1011,USR_2024PE1007,"The ""Gang of Four"" book that defined the vocabulary of software engineering. It provides 23 classic solutions to common object-oriented design problems. It’s the key to writing reusable code that doesn't fall apart as your project grows."
15,B-1012,USR_2024PE1048,"The legendary ""SICP"" that changes how you think about programming. It uses Scheme to teach fundamental abstractions and how complex systems are built from simple rules. It’s a mind-bending but essential journey for any true hacker."
16,B-1013,USR_2026PE1039," ""The definitive guide to becoming a professional. It’s less about a specific language and more about the mindset covering everything from ""Don’t Repeat Yourself"" (DRY) to tracer bullets and career management. It is the single best book for turning a student coder into a software engineer who delivers reliable"
17,B-1013,USR_2023PE1002," maintainable results."""
18,B-1015,USR_2025PE1042,A very rigorous approach to DS & Algo using C++. It’s excellent for mastering the trade-offs between different data structures and getting comfortable with Big-O analysis. Perfect for students moving from basic syntax to efficient system design.
19,B-1016,USR_2026PE1001,"Another masterpiece by Tanenbaum that focuses on how OS concepts are implemented in the real world (Linux/Windows). It’s the perfect follow-up to Silberschatz if you want to understand virtualization, security, and multi-core processing."
20,B-1017,USR_2024PE1049,"The go-to guide for understanding how massive systems like Google or AWS actually work. It covers cloud computing, architectures, and synchronization across multiple machines. Essential if you want to build scalable web infrastructure."
21,B-1018,USR_2025PE1027,"A comprehensive look at the math and protocols that keep the internet safe. From RSA encryption to digital signatures and firewalls, it’s a solid mix of theory and practical security standards."
22,B-1019,USR_2023PE1036,"The industry standard for learning the lifecycle of a software project. It covers everything from gathering requirements to testing and project management. It’s the ""big picture"" book for turning code into a professional product."
23,B-1022,USR_2025PE1019,"The starting point for understanding hardware. It takes you from basic logic gates and flip-flops to building complex digital circuits. If you’ve ever wondered how electricity becomes ""logic,"" this is the book."
24,B-1023,USR_2025PE1009,The best fast-track guide for beginners. It skips the fluff and gets you building real projects—like games and data visualizations—immediately. Perfect if you need to master Python’s syntax and libraries quickly.
25,B-1024,USR_2024PE1014,"A massive, exhaustive encyclopedia of the Java language. Whether you're looking for basic syntax or deep API details on multithreading and networking, this is the desk reference every Java developer needs."
26,B-1025,USR_2025PE1040,"A collection of ""aha!"" moments in programming. It focuses on clever problem-solving and efficiency, teaching you how to write better code by thinking more clearly. It’s short, sharp, and incredibly influential."
27,B-1026,USR_2026PE1031,"The most respected and deepest work in the field. It is famously difficult and dense, but it contains the definitive mathematical analysis of almost every fundamental algorithm. It’s the ultimate trophy for a serious computer scientist."
28,B-1027,USR_2026PE1015,"Essentially a ""masterclass"" in software construction. It covers the best practices for coding, debugging, and teamwork. If you want to be a professional lead developer rather than just a coder, read this cover to cover."
29,B-1028,USR_2023PE1035,"Once you know the C++ syntax, this book teaches you how to actually *use* it well. It provides 55 specific ways to improve your programs and designs, helping you avoid the common pitfalls of the language."
30,B-1029,USR_2023PE1002,"The most fun way to learn architecture. It uses a highly visual, conversational style to explain the same 23 patterns as the ""Gang of Four"" book but makes them much easier to remember. Perfect if you find traditional textbooks too dry."
31,B-1030,USR_2025PE1042,The comprehensive guide to finding patterns in massive datasets. It covers everything from classification and clustering to association analysis with great clarity. It’s the perfect bridge between basic statistics and advanced machine learning for data enthusiasts.
32,B-1031,USR_2025PE1037,"The ""MIPS Edition"" or ""RISC-V"" bible that explains how hardware and software interact. It details how processors actually execute instructions, manage memory, and handle I/O. If you want to understand the ""soul"" of the machine, start here."
33,B-1032,USR_2024PE1026,"The definitive text on the limits of computation. It walks you through finite automata, context-free languages, and Turing machines. It’s essential for understanding how compilers work and what makes a problem ""solvable"" by a computer."
34,B-1033,USR_2026PE1015,"More of a high-level strategic look than a coding manual. It explains how the shift from ""some"" data to ""all"" data changes our world, focusing on correlations over causality. Great for understanding the societal impact of the data boom."
35,B-1034,USR_2024PE1038,"A solid technical dive into the infrastructure of the modern web. It covers virtualization, resource scheduling, and cloud security models. It’s essential for anyone looking to build or manage services on platforms like AWS, Azure, or GCP."
36,B-1035,USR_2023PE1035,"A massive overview of the connected world. It covers the architecture of IoT devices, sensors, protocols (like MQTT), and data analytics. Perfect for students looking to bridge the gap between embedded hardware and internet software."
37,B-1036,USR_2023PE1036,"A rare find: a technical book with zero code and zero hype. It explains the 25 steps of how a blockchain works using simple analogies. If you want to understand the actual computer science behind decentralization without the crypto-noise, read this."
38,B-1037,USR_2023PE1017,"The perfect ""Day 1"" book for security. It avoids dense jargon to explain the mindset of an attacker and the basics of defense. It’s less about hacking and more about understanding the ecosystem of risk and protection."
39,B-1038,USR_2024PE1006,"The best way to actually *learn* data science. Instead of just using libraries, you implement the algorithms in Python yourself. It’s the fastest way to gain a deep, intuitive understanding of how the tools you use every day actually function."
40,B-1039,USR_2023PE1002,The most influential book on software project management ever written. Its core lesson—that adding manpower to a late software project makes it later—is still true today. It’s essential reading for anyone moving into a leadership role.
41,B-1040,USR_2025PE1004,"A survival guide for the real world. It teaches you how to take a massive, messy codebase that you didn't write and safely make changes to it. It’s a practical masterclass in testing and refactoring under pressure."
42,B-1041,USR_2025PE1009,"The definitive guide on how to improve the design of existing code without changing its behavior. Fowler provides a ""catalog"" of ways to clean up code. If you want your programs to be professional and maintainable, this is mandatory reading."
43,B-1042,USR_2026PE1031,"The Bayesian bible of ML. It is much more mathematically rigorous than most intro texts, focusing on the probabilistic side of pattern recognition. If you’re aiming for a PhD or a high-level research career, this is your cornerstone."
44,B-1043,USR_2024PE1038,"The most practical ML book on the market. It perfectly balances the theory with actual Scikit-Learn, Keras, and TensorFlow code. It’s the go-to resource for building real-world models that actually work in production."
45,B-1044,USR_2025PE1037,"The ""NLTK book."" It’s a fantastic, hands-on introduction to how computers process human language. Even with the rise of LLMs, the foundational concepts of tokenization, tagging, and parsing taught here remain vital."
46,B-1045,USR_2025PE1043,"The undisputed authority on agents that learn by trial and error. It covers Markov Decision Processes and Q-learning from the ground up. If you’re interested in robotics or AI that plays games, this is the only book you need."
47,B-1046,USR_2025PE1046,"The gold standard for computer vision. It covers the math behind image enhancement, restoration, and segmentation. Whether you're working on medical imaging or Instagram filters, the fundamentals are all right here."
48,B-1047,USR_2023PE1002,"A deep dive into systems where timing is everything. It explains how to schedule tasks so they never miss a deadline—critical for things like flight controllers or medical devices. It’s the ""bible"" for time-critical software engineering."
49,B-1048,USR_2025PE1043,"A comprehensive look at the small computers that run our world. It covers microcontrollers, real-time operating systems (RTOS), and hardware-software co-design. Essential for anyone working on hardware-specific programming."
50,B-1049,USR_2023PE1018,The guide to making code go fast by doing many things at once. It covers the design and analysis of parallel algorithms for multi-core processors and clusters. Essential for high-performance computing and large-scale data processing.
